<xml xmlns:o="urn:schemas-microsoft-com:office:office">
 <o:MainFile HRef="../Раздел%202.%20Простейший%20ввод-вывод.htm"/>
 <o:File HRef="image001.jpg"/>
 <o:File HRef="image002.jpg"/>
 <o:File HRef="image003.jpg"/>
 <o:File HRef="image004.jpg"/>
 <o:File HRef="image010.gif"/>
 <o:File HRef="image006.jpg"/>
 <o:File HRef="image007.jpg"/>
 <o:File HRef="image013.wmz"/>
 <o:File HRef="image011.gif"/>
 <o:File HRef="image015.wmz"/>
 <o:File HRef="image012.gif"/>
 <o:File HRef="filelist.xml"/>
</xml>