<xml xmlns:o="urn:schemas-microsoft-com:office:office">
 <o:MainFile HRef="../Раздел%201.%20Подпрограммы.htm"/>
 <o:File HRef="image001.jpg"/>
 <o:File HRef="image002.jpg"/>
 <o:File HRef="image003.jpg"/>
 <o:File HRef="image004.jpg"/>
 <o:File HRef="image008.gif"/>
 <o:File HRef="image006.jpg"/>
 <o:File HRef="image007.wmz"/>
 <o:File HRef="image012.gif"/>
 <o:File HRef="oledata.mso"/>
 <o:File HRef="image009.jpg"/>
 <o:File HRef="image010.jpg"/>
 <o:File HRef="image011.jpg"/>
 <o:File HRef="image018.wmz"/>
 <o:File HRef="image026.gif"/>
 <o:File HRef="image030.wmz"/>
 <o:File HRef="image031.gif"/>
 <o:File HRef="image013.gif"/>
 <o:File HRef="image017.jpg"/>
 <o:File HRef="image036.wmz"/>
 <o:File HRef="image037.gif"/>
 <o:File HRef="image020.jpg"/>
 <o:File HRef="image021.jpg"/>
 <o:File HRef="image022.jpg"/>
 <o:File HRef="image023.jpg"/>
 <o:File HRef="image024.jpg"/>
 <o:File HRef="image025.jpg"/>
 <o:File HRef="image014.gif"/>
 <o:File HRef="image027.jpg"/>
 <o:File HRef="image028.jpg"/>
 <o:File HRef="image029.jpg"/>
 <o:File HRef="filelist.xml"/>
</xml>